acc_magnitude_mean,acc_magnitude_std,acc_magnitude_min,acc_magnitude_max,acc_x_mean,acc_x_std,acc_y_mean,acc_y_std,acc_z_mean,acc_z_std,acc_night_energy,acc_night_movement_changes,acc_night_significant_movements,acc_longest_uninterrupted_sleep_duration,acc_night_wake_up_count,acc_rest_duration,call_duration_sum,call_count,incoming_call_count,late_call_duration,late_call_count,last_call_to_sleep,calls_night_missed_or_rejected_count,light_mean,light_std,light_max,light_min,light_night_high_exposure,light_night_low_proportion,light_night_mean,light_night_std,light_night_sudden_spikes_count,light_avg_pre_sleep_intensity,screen_on_sum,screen_event_count,screen_pre_sleep_sum,screen_night_activations,screen_night_day_ratio,screen_last_use_to_sleep,screen_activations_after_midnight,distance_sum,distance_mean,loc_night_away_from_home,loc_pre_sleep_speed,loc_unique_count,wifi_level_mean,wifi_level_std,wifi_night_signal_mean,wifi_unique_count,wifi_night_changes,wifi_night_home_time,pre_sleep_activity_score,night_disturbances,sleep_hours
2.317837302722996,2.464707264573554,-0.7555138796771597,2.4279675894991732,0.5726268843253549,0.6884360429636233,-1.3625150136409734,1.6521811090945724,-0.912156579129798,1.4216960199429591,1.2413646417595623,1.118033988749895,-0.4767312946227962,-0.5674480886393674,0.0,0.6324555320336737,0.08968312104826048,1.7172593257387583,0.5345224838248487,-0.4672022534399159,-0.5345224838248487,-0.17937564442879494,0.0,2.0091447890712337,1.8181269494615417,1.7474556311536804,0.0,0.5547001962252295,-0.13072107627033147,1.2677910551214109,0.9330011848473156,-0.5345224838248487,-0.3490603372382439,0.49795807851891283,0.5553575813553399,0.607424072219609,-0.33969977567256787,-0.7950695583608546,-0.3077253762349721,0.0,2.0278919436076337,1.9761403780241047,-0.3535533905932738,2.5956007292989054,2.2880215766121474,0.6864170338428328,-1.8372755838052754,0.7915165999741883,2.413659499602774,-0.2650354025973009,-0.06967330142916152,0.5985634472574096,-0.05564148840746553,-1.8443458643176007
0.14640862770287968,-0.2087427353143768,0.2595706714990451,-0.1524811365547434,-1.0185812979439113,0.0022719013290878874,-0.773245682624126,1.1567866293223732,-0.4370847197364979,0.21655998368014617,0.7898837305539972,-0.8944271909999157,0.3813850356982369,1.1225811026767047,0.0,1.5811388300841878,-0.6584053520860097,-0.10101525445522112,0.5345224838248487,0.604614680922244,1.8708286933869707,-1.332904847073461,0.0,1.7234490236198412,1.9223647544275444,1.988120911986335,0.0,-0.27735009811261435,-0.13072107627033147,-0.47196622396098176,-1.3454290165602352,-0.5345224838248487,-1.9898208006396099,0.7176454661007862,0.7299678252749225,-0.05926088509459577,-0.012132134845448811,-0.07308636522555645,-0.21584528759609325,-0.795495128834866,1.7027123679109053,1.7606434871787986,-0.3535533905932738,-0.6522966452271465,1.3074409009212271,-2.203737579535629,-1.7084207588125662,0.9032504075912596,1.157191508164312,-2.1652044754559197,-1.9508524400165292,-0.09548810484580511,-0.18083483732426342,-1.0969186472583092
0.07643666395204687,-0.44228336426914816,0.8744345072070357,-0.37806133228427036,-1.0255925357112388,-0.387077490192484,-0.5344185816483329,-0.7027432433714772,0.9362965220987576,-0.27512781265522385,-0.5214454375028136,1.118033988749895,-0.4767312946227962,1.1267543173258967,0.0,-0.3162277660168402,2.1173966140174665,-0.10101525445522112,0.5345224838248487,-0.4672022534399159,-0.5345224838248487,0.3893529713146329,0.0,-0.49650887773340485,-0.5272320099348257,-0.5263372963585169,0.0,-0.6933752452815363,0.15163644847358337,-0.991357318357591,-1.5253386274076137,-0.5345224838248487,1.0216251351984276,-0.9519786795214515,-0.9506557724510613,-1.3926307997230054,-1.2132134845448852,-1.5885112447501062,-1.0165146314491724,-1.590990257669732,-0.5378756195374362,-0.5382604433543544,-0.3535533905932738,0.46793637463074506,-0.6537204504606134,0.5605322537016344,0.7379258433000773,-0.37645164474115383,-0.5292677514553126,-0.5076101778558479,-0.6967330142916175,-1.3682596780355298,-1.5579616754090402,1.3633626088951907
0.5703449007232828,0.825419248441965,0.23822733457122686,1.0269800467383685,0.16949721948725294,-1.7848912859603292,2.101569976403113,0.8388331768736423,-1.3772536764987904,0.7544803260216625,0.35633052000257825,-0.8944271909999157,-1.3348476249438292,1.2097276438804503,0.0,1.5811388300841878,1.3299350633498137,0.8081220356417685,1.7371980724307585,-0.4672022534399159,-0.5345224838248487,1.1662866679660595,0.0,-0.5671808251946427,-0.541726176631647,-0.539773453252294,0.0,1.8027756377319952,-2.1895780275280385,2.1820512579045053,1.0495920484484997,-0.5345224838248487,-0.415481219162488,-2.0504156174308186,-2.0637960774384014,-1.2592938082601643,-1.4315919117629647,-0.11174493619193517,2.0374045052144805,-1.0606601717798212,-0.5251999976850696,-0.5254060163208011,-0.3535533905932738,-0.28469031506096487,-0.4576043153224294,1.1628891349967083,0.09567708505766297,1.9187770156190034,-0.5292677514553126,0.05839763108076184,0.5573864114332944,-1.2618013509927228,-0.8068015819082528,0.14879338117384253
-0.7226964481407128,-7.81948156943138e-05,-1.2186054944394367,-0.2585739054975118,-1.2136450895165716,1.9128567909958296,-0.02402007500073221,0.2755100813766796,-1.2794421748421552,1.2957194530214244,0.17966340926956909,1.118033988749895,0.3813850356982369,-0.6554538210944217,0.0,-0.3162277660168402,-1.11119574371991,-1.9192898346492004,-1.8708286933869707,-0.4672022534399159,-0.5345224838248487,-1.4004801803506186,0.0,-0.5402843102476016,-0.5275812278099854,-0.5223064492903837,0.0,-1.1094003924504583,1.1045930944842937,-0.8270187298961638,0.27377003904006275,1.8708286933869707,-0.8562743446597434,-0.6004788593904542,-0.6014352846118958,-0.19259787655743674,-0.012132134845448811,0.5531824845920572,-0.4914855535127265,0.5303300858899106,-0.5435799364938044,-0.5435968621922906,-0.3535533905932738,-0.6558302549754775,-0.26148818018424536,0.07435453812453074,0.4416926406638402,-0.3174806551882426,-0.4175817077718938,-0.22460627338754305,-0.06967330142916152,-0.20750978993573618,-0.3060281862410613,-0.13149182522339217
-0.4402938777273784,-0.776461656663251,0.6010177904297379,-0.6545925041037921,-0.7940047056351198,-0.951139805921636,0.7297141840609723,-0.19552311479553672,-0.03632102539506845,0.24861131478222376,-0.9668953663416229,-0.8944271909999157,0.3813850356982369,0.8689969419345276,0.0,-0.3162277660168402,-0.7174649683860836,-0.10101525445522112,-0.6681531047810609,-0.4672022534399159,-0.5345224838248487,1.5436127181028363,0.0,-0.5414752700448738,-0.5377696564342858,-0.5382717651288719,0.0,0.13867504905630754,0.15163644847358337,-0.2335738271187877,0.15964455946600511,-0.5345224838248487,0.47214329382513615,0.8494578986499103,0.8172729472347139,-0.05926088509459577,1.079760001244948,0.35997502672022336,-0.4914855535127265,1.3258252147247767,-0.5330967428765192,-0.5347190586568152,-0.3535533905932738,0.27086510112343287,-0.6537204504606134,0.6270619331545262,1.196885107374252,-1.3018462073809276,-0.5236834492711416,1.4329880242125286,0.5573864114332944,-0.05036756082888919,1.0710986518437153,0.9896490003655434
-0.35045837309024536,-0.938394975744542,0.9821519220402285,-0.7087224697418145,1.4252037076265698,0.4938542597231335,-0.9297979857879313,-1.6247174790187888,1.4891389676608087,-1.0950917312885333,-0.8645276321783352,-0.8944271909999157,0.3813850356982369,-0.6849118068534336,0.0,-0.3162277660168402,-0.06780918908527007,-0.10101525445522112,0.5345224838248487,2.665801093157167,1.8708286933869707,-0.9986809014053581,0.0,-0.5341864685965616,-0.5331120943457935,-0.5340828456266943,0.0,-0.6933752452815363,0.9987090227053262,-0.8178888083149735,1.2168150895226375,1.8708286933869707,1.5107243566405877,0.45402060100253816,0.46805245939554846,2.0741309783108597,1.7348952828991862,1.9562111571709322,-1.0165146314491724,0.2651650429449553,-0.5321050077385383,-0.5330981443395797,-0.3535533905932738,-0.6268621363076352,-0.6537204504606134,-0.33120369425554874,0.2823793388536969,-1.2623259844719623,-0.5627735645603382,-0.14374801496802736,0.5573864114332944,2.093406567521688,1.8222587453445027,0.927363398943936
-0.03722523421804263,-0.6791014606800665,0.9667761057916454,-0.5130720204581217,1.5095994342643964,-0.4244621504714421,0.6529333081543475,-0.7134499536704705,0.9508267508221725,-1.4457055633424734,1.425566967982816,1.118033988749895,2.0976176963403033,-0.9841558455220795,0.0,-1.2649110640673542,-0.6780918908527009,-1.0101525445522108,-0.6681531047810609,-0.4672022534399159,-0.5345224838248487,0.34247638877101927,0.0,-0.5301803284420994,-0.537011097043212,-0.5376394753926941,0.0,1.3867504905630732,-0.9542638567734132,0.025107284348273223,-1.095026465510898,-0.5345224838248487,-0.07130028555504189,-0.24897903925945672,-0.25221479677273034,0.74076106368245,-0.6672674164996869,-1.0219785619166617,1.468623004116666,-0.2651650429449553,-0.5293964691017985,-0.5324776027491543,-0.3535533905932738,-0.4583361012555416,-0.6537204504606134,0.5277368539222048,0.6521958130838102,0.19777062115981564,-0.5292677514553126,1.2308423781637392,1.8115058371582062,0.7364502201215859,-0.8068015819082528,-0.7232050387286636
-1.5603535619248974,-0.24506412552844098,-1.94805895742233,-0.7894442675972891,0.3748963831032671,0.45015173753421667,0.13977987008366377,-0.6868772058109979,0.6659959350205575,-1.1211419901621842,-1.6399408335457053,-0.8944271909999157,-1.3348476249438292,-1.4360904437082773,0.0,-1.2649110640673542,-0.3040476542855659,0.8081220356417685,-0.6681531047810609,-0.4672022534399159,-0.5345224838248487,0.46971282710368517,0.0,-0.5227777324318907,-0.5360594416893363,-0.5371652580905608,0.0,-1.1094003924504583,0.9987090227053262,-0.13314468972569368,0.33297118815422405,-0.5345224838248487,0.6774442015909814,1.3327701513300316,1.2974511180135664,-0.45927185948311866,0.8613815740268687,0.7210219979618997,0.03354352442371759,1.590990257669732,-0.5293505380853709,-0.5292257375899085,2.8284271247461903,-0.6563867522263185,-0.26148818018424536,-1.104050473951347,0.13894051428451068,-0.5532101525618686,-0.47900903179777415,0.5839763108076138,-0.6967330142916175,-0.44499375026199744,0.8207119540101196,0.3667929861494666
0.43812325140904995,0.18850679960359176,-0.14441529674226805,0.20025952896456226,-0.7139600093439546,0.19971799896731027,-1.387866974893874,0.3391990773264419,0.7814332466492238,-0.473125117585139,0.4351959587176879,-0.5345224838248487,-0.7071067811865475,0.7112028519904902,-0.3535533905932738,0.6305371460199743,1.8193749920577462,2.445066281398731,2.6985023427110497,-0.35355339059327373,-0.3535533905932738,1.1173639236225021,0.0,-0.24291068469691632,-0.4288671938278531,-0.45644231409500796,0.0,-1.080123449734643,0.9506463664104658,-0.28413919997574427,0.2163230784319436,-0.3535533905932738,-0.6253892366565955,0.04970631170317544,0.04404188723805585,-0.30492478930832245,0.038014296063485144,-0.3260869967158806,-0.35905434246291096,0.2677358109311793,1.1335013469965136,1.0754200682605592,1.2649110640673518,-0.3566259626444822,1.4769119412392964,-0.09879186525682986,0.6532017457620961,1.4091196584659504,0.45162977093376255,-1.186461127043124,-0.8708635721768005,-0.2894069134961816,-0.33129457822453967,0.7946549629034694
-0.8496652008954089,1.5290150388212551,-1.9580907909341911,0.2853040127673696,0.19425220975145116,0.38620709206812326,-1.3119024664656425,0.2348515842961677,0.287671028348629,0.3424577706117966,0.415650217597611,-0.5345224838248487,-0.7071067811865475,0.7230054209110283,-0.3535533905932738,0.6305371460199743,0.032475659087440475,-0.13005671709567715,0.07293249574894732,-0.35355339059327373,-0.3535533905932738,1.4953853982604237,0.0,2.7260704577596333,2.712418971043592,2.7120673154827926,0.0,-1.5430334996209187,1.3228647642109743,-0.9595546150475718,-0.819542490305258,-0.3535533905932738,-0.7302249185292152,1.9054086152883918,1.9103168589506692,-0.30492478930832245,1.2354646220632715,-0.6641415876078186,-0.20194957601975153,1.801131818991571,1.1119239492313089,1.178525638996462,-0.6324555320336758,-0.35525315452188244,0.7773220743364718,2.6421231367620512,0.35019627786301144,-1.4250766962151802,2.139500355525197,-0.5259569944624157,-0.45834924851410547,-0.2933914733920882,0.6625891564490793,0.462866035093258
-1.0051098471515063,-0.16476695038447836,0.13150391838876493,0.4156783730183529,1.4474914281203213,0.7651468804645071,0.07474622333132391,-0.07083116948006934,0.871226727753111,-1.3164289317539803,-0.49631910402310914,-0.5345224838248487,-0.7071067811865475,0.686992454204771,-0.3535533905932738,-0.26548932463998787,-0.6251564374332297,-0.598260898640115,-0.5834599659915783,-0.35355339059327373,-0.3535533905932738,-0.8309440652437949,0.0,0.3435401288340438,0.4415341845983741,0.44306286359238456,0.0,-0.6172133998483674,0.443075823955228,-0.7034977072060279,-0.7412975775957767,-0.3535533905932738,0.6689282203092105,0.7787322166830819,0.7707330266659761,-0.6969709469904514,-0.9883716976506174,-1.063778000869664,-0.37531639758505403,-1.0466036245491563,1.1538599364886737,1.0372237907791526,2.2135943621178655,-0.3640485312499222,0.9522195410621779,-0.7180453404514082,-0.017399465188225174,-1.2394645677795486,-0.013395798290408099,-0.8195143867205082,-0.45834924851410547,-0.6080184528649989,-0.993883734673619,0.38913516224654426
-1.9374674754936807,-1.0276189452293036,0.5155633106804569,-1.3564617408805022,-0.01632336173897649,-2.3067698791828377,-0.4872672046519776,-2.402904730619317,1.2160177945099266,-0.27119247699469756,0.3978234377186577,1.8708286933869707,-0.7071067811865475,-1.377851846944761,-0.3535533905932738,0.33186165579998694,-0.6251564374332297,-0.598260898640115,-0.5834599659915783,-0.35355339059327373,-0.3535533905932738,-0.8309440652437949,0.0,-0.5301196630913791,-0.4924399859563087,-0.48534912016507786,0.0,1.2344267996967353,-0.5382272247915658,2.66182165299712,2.5308597918008293,2.8284271247461903,1.7817993048031746,-0.3976504936254035,-0.39362436719012334,1.8513290779433864,2.09078628349169,1.072720057086457,-0.599276279530357,1.3630186738314591,-0.9885160399740197,-1.0139772547600938,-0.6324555320336758,-0.35984181175273094,-0.9716525929205897,0.1478870197243362,0.5129626213599354,0.5661597867665534,-0.9434469367387494,-0.19570492817206156,-0.45834924851410547,1.8250151204968785,2.4847093366840474,0.13107710728304667
0.041261450289472784,-1.0765461056311842,0.3502807925135148,-1.2762584143434874,0.8624670553987744,0.26332926676956203,0.5502075481325058,-0.6741037514748239,-0.44193374566776966,0.9225188751197578,0.6570565015105942,-0.5345224838248487,-0.7071067811865475,0.7132203851392995,-0.3535533905932738,0.6305371460199743,-0.6251564374332297,-0.598260898640115,-0.5834599659915783,-0.35355339059327373,-0.3535533905932738,-0.8309440652437949,0.0,-0.546285374761032,-0.4955401109776928,-0.487529493562276,0.0,-0.15430334996209175,0.5784279686099576,0.06075377793327392,0.4144429774207397,-0.3535533905932738,-0.8592534500647475,-0.795300987250807,-0.7900013523326253,-0.5009478681493869,-0.1330500362221986,0.1816055863917196,-0.2726086810241508,-0.1703773342289326,-1.0264121921756457,-1.0534355561724433,-0.6324555320336758,-0.3290557835288865,-1.1465500596462959,-0.5483013271832171,-0.5938753808719437,-0.9141141470892541,-0.9090005982776996,1.051913988924832,0.7791937224739798,-0.4821983115365725,-0.4969418673368095,0.0204807980129762
1.3852136578553207,0.7968515482764672,0.9371950885392487,1.600326682673276,0.4370750634575075,-0.8238916252130152,1.8867296342906472,0.7067674286442432,-0.6393741060253456,-0.6945331240457568,-2.530234977050997,-0.5345224838248487,1.4142135623730951,-1.4838732139147233,-0.3535533905932738,-2.654893246399887,-0.6251564374332297,-0.598260898640115,-0.5834599659915783,-0.35355339059327373,-0.3535533905932738,-0.8309440652437949,0.0,-0.5438582437716717,-0.48823322994462004,-0.48085350491312295,0.0,1.2344267996967353,-2.055733000439792,0.14366074377678809,-0.44051843799145396,-0.3535533905932738,-1.314885452049595,-1.226089022011661,-1.2276676067608046,-1.6770863411957735,-0.8173073653649336,0.3053734655181535,2.7972108472961805,-0.8275470519691005,-0.7969575874658894,-0.6606594985871579,-0.6324555320336758,-0.36582697181795026,-0.7967551261948835,-0.7036285370162525,-0.9849848643932175,1.3511131207674132,-0.9262237675082245,-0.6360410165592004,-0.8708635721768005,-1.7868351728385,-0.4969418673368095,0.5734623443633285
0.887278990124365,-0.13451501197034685,0.8174958561855791,0.43055516730824683,-1.6909062268659105,-0.3008985817264615,0.6141640038279006,1.1322391285254334,0.08784481326060087,-0.44474163834059693,-0.42078739731772696,-0.5345224838248487,-0.7071067811865475,0.6950625868000107,-0.3535533905932738,-0.26548932463998787,-0.5720144498355997,-0.36415880786789606,0.07293249574894732,-0.35355339059327373,-0.3535533905932738,1.432099291893537,0.0,-0.34970567528107566,-0.3123081248387949,-0.30422078166381566,0.0,0.30860669992418394,-0.36903704397315273,-0.4369894970036046,-0.6603006182315224,-0.3535533905932738,-0.6110934618557838,-0.16568770567725147,-0.16240445919033059,0.4791675260559354,-0.9883716976506174,-0.786734707254026,-0.07860521640911122,-1.0466036245491563,-0.6514676002190887,-0.6987851076231688,0.31622776601683794,2.8282030269951073,-0.4469601927434712,0.33531920501504275,2.013001820451076,-0.3890830101890202,0.2621749093979893,-0.5626516684946773,-0.45834924851410547,0.44674749328631574,-0.6625891564490793,0.0204807980129762
0.7113994801798338,1.3093186322440908,-1.5457596100532482,0.9561102798342419,-1.3618038121763745,0.45327349916174153,-0.6282582894935412,0.8893904493504292,-2.33004477266523,2.2807118472517045,0.9013449385877422,1.8708286933869707,1.4142135623730951,-1.3789614901766065,2.8284271247461903,0.33186165579998694,1.8459459858565612,1.0404537367654174,0.07293249574894732,2.82842712474619,2.8284271247461903,0.10987171244251163,0.0,-0.31219734885225575,-0.4421854582444657,-0.45399220378269256,0.0,-0.6172133998483674,0.5784279686099576,-0.0326547369170851,0.19721978196264991,-0.3535533905932738,0.5413659220865824,1.027263775198959,1.0267264962371752,1.2632598414201932,-0.6462430330792498,-0.8767975442624585,-0.5293779724264089,-0.8275470519691005,1.0457197766634534,1.141823068583844,-0.6324555320336758,-0.36406666458514386,1.127117007787884,-0.4751895021817825,-0.2796183228516969,0.5536640199796169,0.8563742478510962,0.8684406187635241,0.36667939881128464,1.2261608457918516,-0.4969418673368095,0.3522697258231876
0.3289656936827709,-1.420245005730092,0.8962267314221418,-1.2555138893420619,0.8417076533971615,1.3638853486910636,0.6894475259226576,-0.154608016568505,0.16715901383684956,-0.3456672042630888,0.6402704242595387,-0.5345224838248487,1.4142135623730951,0.7112028519904902,-0.3535533905932738,0.6305371460199743,-0.6251564374332297,-0.598260898640115,-0.5834599659915783,-0.35355339059327373,-0.3535533905932738,-0.8309440652437949,0.0,-0.5445335961393464,-0.4943790518522314,-0.48674276089318386,0.0,1.2344267996967353,-0.9104456225920742,-0.44940041855714885,-0.6971865054921508,-0.3535533905932738,1.1487530719569699,-1.1763827103084854,-1.1781204836179917,-0.10890171046725798,0.20907862834916888,2.1578397277135184,-0.3810223818384375,0.48679238351123527,-0.9816515895453067,-1.006135149477153,-0.6324555320336758,-0.33348414689410905,-0.9716525929205897,-0.5813727894119326,-1.6534844321310336,0.08768183529344772,-0.9176121828929621,2.005975513763633,2.42925101712476,-0.038073135446705327,0.33129457822453967,-2.744426933738785
-0.39251911651067956,-0.962334110860635,0.21144593343215518,-0.9208476547312034,-0.8327600554778123,-1.591912603750111,-1.4651775588858138,-0.21140875254503913,0.276370870389711,0.9163614105277076,-0.7379926432330981,-0.9899494936611665,-0.5834599659915782,0.6134404174703569,-0.5345224838248487,-0.4096440151864568,0.0,0.0,0.0,0.0,0.0,0.0,0.0,0.4529902468086809,0.33619866353708194,0.23108017274642148,0.5427105873415112,-0.12936924547063025,-0.46374677644243784,0.5338722180280602,2.042401190684942,-0.2828427124746191,-0.8577942045709727,0.38286332420096675,0.4053737400688819,0.2744106499742258,1.5987924143288657,0.052147665829563435,-0.49819865888989934,1.4563738307805223,-0.492213119522962,-0.4760725027035988,-1.1180339887498951,-0.5095050634555908,-0.09365858115816932,0.6207878674515739,0.9112368357131877,0.9778972333140834,-0.5982605499403912,-1.2762466507717325,-0.5819143739626462,0.22627438190007573,1.526587861989415,0.00476731294622764
1.7864273394743737,1.2256714106822058,-0.08549966174549296,1.3413706605040048,0.09369102081936645,-0.18227176481607937,0.2846737789426473,-0.41578257695961063,0.8803392332635975,-0.7173666579360299,1.150563157918268,0.282842712474619,2.042109880970524,0.2967016321601971,-0.5345224838248487,0.4681645887845225,0.0,0.0,0.0,0.0,0.0,0.0,0.0,0.3408229271878624,-0.09405052632874328,-0.1142714882836554,-0.4614362503803104,-0.12936924547063025,0.17715326750953067,0.8905398906021474,-0.20481375465485105,0.9899494936611664,-0.31976776283559144,0.6744284710924723,0.6707092790230592,0.7683498199278324,-0.09404661260758043,-0.5446361923678731,-0.26181440004353324,-0.3269410640527702,2.163376320374079,1.694409178247028,-1.1180339887498951,2.7517035315544924,1.0302443927398635,0.39976130358901774,0.5766753839738148,-0.8830300160290824,0.4261944625681547,1.0358842803347716,0.5091750772173157,0.7185536411873976,0.6570124975650649,-0.5101024852463922
1.1169311954384078,0.6714895687781572,0.32617365778462465,0.5011775591268998,-0.10323420148066975,0.24788940714209623,0.19668249068902535,0.00840666354365611,0.16262559240091945,0.48461400470424104,0.35108266225642526,0.282842712474619,1.3857174192299984,0.3952671982182539,1.8708286933869707,-0.05852057359806508,0.0,0.0,0.0,0.0,0.0,0.0,0.0,-0.5436376778911304,-0.5169525054404311,-0.47761339512621404,-0.4614362503803104,0.16171155683828767,1.8300007492803956,1.7326770361089006,0.7526186279388687,0.9899494936611664,1.065150786714525,1.3635824546542126,1.3605816803039203,0.43905703995876133,-1.1823002727810101,-0.9083517599996423,-0.011412004916743155,-0.4161068087944348,0.9256102384540106,0.7979832948462335,1.5652475842498528,-0.1105735372454301,1.5921958796888798,0.0799430744217503,-1.5931795611953639,0.16712287742705478,0.7756209784625424,-0.7970726348683724,0.07273929674533093,0.48735080102234035,-1.0821382312836358,-1.110783916471115
-0.6443462851727871,0.7228183160733115,-1.5922107695684928,-0.3934225470748803,-0.3998422623896997,-0.9233563798944561,-0.4053362697334421,2.181586978150547,0.5645403921204228,-1.446582692102984,-1.4138763835326298,1.5556349186104046,0.0729324957489473,-2.0799467359363173,1.8708286933869707,-1.6385760607458277,0.0,0.0,0.0,0.0,0.0,0.0,0.0,-0.5433899865130736,-0.5645711450985226,-0.5752856909351629,-0.4614362503803104,-0.12936924547063025,0.17715326750953067,-0.01484628149293013,0.5665957278386923,-0.2828427124746191,-1.3349002994633468,-0.8364091082544198,-0.8417032930157516,-2.5245779797628782,1.719709487681469,2.631221690845656,2.8001863482686975,2.169699788713839,0.824626398074917,1.586480132035647,0.22360679774997896,-0.5095050634555908,-0.09365858115816932,-1.2806767831562254,0.235788758907327,-1.069323336811738,-0.28060008094549327,0.13336234746824888,-0.6910233190806424,-2.5743810946468106,1.7005029348742853,-0.16685595311797882
0.3602911262440449,1.2260281833555933,0.15319068084291226,1.7142227702842496,0.17594699959391544,-0.8314732240672416,-1.0152624447635068,-0.39270372782994,0.6284652494593254,0.18449258255478973,0.9422342224065918,1.5556349186104046,0.0729324957489473,-1.6125909058632844,-0.5345224838248487,0.8192880303729142,0.0,0.0,0.0,0.0,0.0,0.0,0.0,0.02082218886497263,0.07128399201689349,0.022925754833424242,-0.4614362503803104,-1.2936924547063018,0.6756310794721718,0.23676547145696267,-0.29703429767217515,0.9899494936611664,-0.31682295753967377,0.1443100221988259,0.14003820111470455,0.7683498199278324,-0.6986319793705968,-0.6666999345770238,-0.29479825011511923,-0.4161068087944348,-0.4504924777804788,-0.506438638245888,1.5652475842498528,0.1918594733358894,0.7492686492653553,-0.8172794749279806,0.3756323808342378,-1.0014340164321778,1.4109419164523385,0.8125798845739824,0.6182840223353119,0.7187174382543196,-0.7343080855138957,0.6483545606870029
-1.0133785748852855,-1.5896310273353265,1.0536866244928433,-1.1393159197773521,-0.84126275295391,0.8816764020815641,1.7300420765058129,-1.7598106043304285,0.21097347834458102,0.2220453028566831,-0.03507704264662162,-0.9899494936611665,-0.5834599659915782,0.6488797221204446,-0.5345224838248487,0.29260286799032664,0.0,0.0,0.0,0.0,0.0,0.0,0.0,-0.7896842578978929,-0.6423275163456302,-0.605062528444501,2.686261110538633,-0.42045004777954814,-1.318280168378395,-1.6751257637501908,-1.4019248821911694,-1.5556349186104046,0.7122722170593462,-0.6243617286969613,-0.6294348618524097,-0.38417490996391634,0.510538754155436,0.1576601272458992,-0.44872288378252034,-0.4161068087944348,-0.8621027314811432,-0.8803865124597006,-0.44721359549995804,-0.5086633943944496,-1.217561555056202,1.4830593177582874,0.8945647681283373,1.1357480640015498,-1.265347534829677,-0.07598552355749091,1.3820466381612853,-0.30286539396462014,-0.03864779397441544,1.8926232396525005
-1.3600827575633831,-1.2375946332897754,-0.02737504607434986,-1.2981396473058844,-0.9134443404754375,1.9514306075414969,-1.0340270988222824,0.47054099202435556,0.4481051182268511,-1.740869899335134,0.5029849838193846,-0.9899494936611665,-0.5834599659915782,0.6378049394172923,-0.5345224838248487,0.8192880303729142,0.0,0.0,0.0,0.0,0.0,0.0,0.0,-0.7408699499701379,-0.6423229532908817,-0.6039061795002165,-0.4614362503803104,1.3260347660739593,-0.7201067940232246,0.10840788194476027,0.09174405690440599,-0.2828427124746191,-1.1336304715528722,-1.4990571693714778,-1.491775363453486,0.6037034299432968,-0.9404661260758035,0.03001469091154539,-0.44872288378252034,-0.9511012772444225,-0.8189429556393516,-0.8442150052681132,-1.1180339887498951,-0.286305819428139,-0.9365858115816939,-0.658499174801947,0.18547506716027806,-0.37979456705671005,-0.21706798714651368,0.5706667891664609,0.07273929674533093,0.5191670136148815,-0.5603930126290256,0.2622022120425376
-0.6247161363054416,0.10401179854231848,-1.6276869166945833,0.15240189925643813,0.27568708520167884,-0.041897993180853514,0.762292935344972,0.5808241827827633,-0.5526948985107559,0.9991612200534986,0.9576686053147709,-0.9899494936611665,-1.2398524277321037,0.6488797221204446,-0.5345224838248487,1.3459731927555019,0.0,0.0,0.0,0.0,0.0,0.0,0.0,2.5277564150046343,2.6626816052879474,2.702928712445469,-0.46035419559828256,1.908196370691795,0.9604755434508243,-0.456993687446104,-0.21064174094400456,0.9899494936611664,1.7871586785930766,1.4431002219882594,1.4401823419901736,0.6037034299432968,-0.33588075931278705,-0.691674185697123,-0.45422019212778475,-0.6836040430194287,-0.4303819983719436,-0.5076753092146354,0.22360679774997896,-0.5095050634555908,0.4682929057908471,-1.2349695891894896,-2.019784133431701,-0.7188534256180741,1.3077022640289966,1.310362600124075,0.8365019125713042,0.6816282454506626,-0.38647793974415556,-1.7114653476958384
0.7713932092807114,-0.16045950594585096,1.5882754975303837,0.042552879717722925,2.5452185071625686,0.48991554894358624,0.9461120907225871,-0.46165315483630676,-2.618725035694654,1.098144728677233,-1.7175875623030945,0.282842712474619,-0.5834599659915782,0.4515640102926121,-0.5345224838248487,-1.6385760607458277,0.0,0.0,0.0,0.0,0.0,0.0,0.0,-0.724809905593915,-0.6099396143377133,-0.5807953577355643,-0.4614362503803104,-1.2936924547063018,-1.318280168378395,-1.3552967654516068,-1.3389449279047085,-1.5556349186104046,0.39833401359550896,-1.0484564878118785,-1.0539717241790936,-0.5488212999484519,-0.5777149060179936,-0.05968210219100136,-0.38229707461057644,-0.4161068087944348,-0.8594796741071283,-0.864084637236972,0.22360679774997896,-0.5095050634555908,-1.4985372985307102,1.4078734588550292,0.43359049990988213,1.7716671872051102,-1.5591834686499575,-1.7135510924699444,-2.218548550732589,-0.4744450328182448,-1.0821382312836358,0.6912603772030539
-0.023402871638774622,-0.12273296196119376,-0.30181978777590324,-0.2873490872110915,-0.87374533851092,0.48121375630115965,0.8169595549814204,-1.3363692167655747,0.43031542025365227,-0.056464907988838436,0.024814900980387005,0.7071067811865475,-0.984731927834662,-1.8620445745397767,1.118033988749895,-0.08825915632813724,-0.5904203537135797,1.532064692570853,0.7669649888473704,2.120041380451629,2.6457513110645903,-0.6819393174902455,0.0,-0.10252651116770585,-0.7030732388522806,-0.743603244825112,0.0,-1.2586335510551052,0.9215228180164391,-1.5057184096948355,-1.3831779000728401,-0.3535533905932738,-0.45691316508134977,-0.3377664084573666,-0.3262328800372199,0.01149501224679253,-0.30308666160983416,-0.26174142454972776,-0.4186807709543129,-1.0845204885837607,-0.45402499914494754,-0.5965427433903295,-0.7826412412175067,-0.46751988217533913,0.13406578288180723,-0.7026871588121942,-0.8905328743681895,-0.9644942002188447,0.7393505466141496,0.055119401667507194,0.04879500364742649,0.007457015349938719,-0.431180707164643,0.2701204501035205
0.25059664091255274,0.40482128154581354,0.898734635599554,0.7967464644520124,0.31838776190950085,-0.6742886219243523,-0.7715271423518704,1.080158347152853,0.6253481249471946,-1.1872520597787062,-0.1327071091726203,1.414213562373095,0.49236596391733084,0.45226281807942537,-0.8944271909999157,-0.4854253598047563,-0.0032485301442288657,0.4714045207910316,-0.6135719910778963,-0.7492654390195496,-0.18898223650461354,-0.43931655987946466,0.0,-0.39546631217059763,-0.5630119044860518,-0.5924378291142517,0.0,1.006906840844084,-1.8670368456240236,1.7761983685043519,0.4290492248894069,-0.3535533905932738,-0.5597492738569169,0.06031543008167251,0.07126933686966955,-0.04023254286377404,-0.10470266491976088,-0.3378335886277694,-0.5177215186527208,0.024648192922358106,-0.28528445040238926,-0.38846398589597775,-0.17541958854875164,1.8941664643863014,0.396368401563604,0.029928705005048423,-0.011411335261738662,2.2222943273674534,0.6473067216483527,0.6202196894054836,0.6343350474165464,-0.0462883404580951,0.19942107706364737,-0.5021062484277198
-0.7510959808711107,-0.9631562497777181,-0.8555082995095766,-0.907586037575953,0.7927028777095213,0.011154897269167284,-0.05505822293489855,-0.24259556868318025,0.09066784410789884,0.09756968660505104,-0.10790652007413326,0.0,0.49236596391733084,0.566410721929259,0.11180339887498952,0.11032394541017226,-1.2287565270545338,-1.2963624321753373,-1.3038404810405297,0.2347928564669557,-0.18898223650461354,-0.3107273913260879,0.0,0.9566273172249588,1.8412050501911954,2.126768302453749,0.0,1.2900993898314825,-1.0703055131553194,1.3692320879502768,0.40991417186876056,-0.3535533905932738,2.6486011083366234,-0.3377664084573666,-0.3352670213305583,-0.8161458695222726,-0.10470266491976088,0.26886893499387954,-0.43097049877090365,0.6901494018260294,-0.4847128601999264,-0.6482790633715099,1.0390237167887584,-0.6706546538410462,-1.4397499292089735,0.3241987267464231,0.18252827123713417,-0.819009023728006,-0.08290762308030347,1.1246380670507912,1.0734900802433864,-0.751316108777207,0.053897588395580356,-0.6308106981829269
-0.7120440428923449,-0.6702758997609531,-1.2502314792201412,-0.6791276176653219,-1.182384065967409,-0.13777343454637678,-0.2392246936772586,0.08522574540759713,0.5269265302303939,-0.784141712475312,-0.1328187528533066,0.0,0.49236596391733084,0.45226281807942537,0.11180339887498952,-0.08825915632813724,-1.2531205031362496,-1.2963624321753373,0.07669649888473708,-0.7492654390195496,-0.7559289460184543,2.646823485401576,0.0,0.38018575074422234,0.06986393497094537,0.2515787989553731,0.0,-0.9754410020677065,0.523157151782087,0.00795571944983037,0.1769709507248836,-0.3535533905932738,0.3439826354312891,0.6212489298412276,0.604283673176635,0.9425910042369908,0.0936813317703124,-0.3507686835382744,-0.5321800219663569,-1.0845204885837607,-0.30797356708558554,-0.39509946043505756,0.4318020641200034,-0.6501820723655933,1.9701841136543845,2.484843560025382,1.851933452747703,-0.8987476028105136,1.6597887962721194,0.3926625265579763,0.19518001458970646,0.9525142944178699,0.053897588395580356,-1.1170275083692633
-1.54818562856491,-1.07184123749179,-1.7456269206969417,-1.0766645816857687,0.7765472647668269,-0.43024237397613707,-0.05293226613228082,-0.02113593307514806,-1.418651534125909,1.843127143040613,-0.22233979316101032,-0.7071067811865475,0.12309149097933263,0.6076445842982028,-0.8944271909999157,-0.08825915632813724,-0.8949700547350272,-0.9428090415820636,-1.3038404810405297,-0.2934910705836945,-0.18898223650461354,-0.2632208373883127,0.0,0.07139814903187763,0.4294788536032728,0.6388610057298391,0.0,-0.9754410020677065,0.8512229945633168,-0.6182258688547655,-0.20628900818303997,-0.3535533905932738,-0.43661836169163293,0.11459931715517785,0.11644004333636153,0.01149501224679253,-0.749450654162499,-1.4201258588273573,0.10929557504863491,0.24648192922358186,-0.4805663857223168,-0.6342125210388041,-0.17541958854875164,-0.5826517900176843,-0.6528420731635831,0.21955461227620926,-0.5116586669994021,-0.8349333330802797,-0.08290762308030347,0.3471510939884748,0.04879500364742649,0.007889117677293753,-0.9162590027248664,-0.8453181144416049
0.9281461944418901,2.3352357373116726,0.6674806475036803,2.3354253799397466,-0.018173693902388884,-1.7629229053188702,1.6970821416203838,-0.8588950524214376,1.1975925674796757,-1.0150361704976683,-1.850221478566038,-1.414213562373095,-0.6154574548966638,-1.8654359253063295,-0.8944271909999157,-1.2797577667579945,0.9128369705282853,-0.23570226039551598,0.07669649888473708,-0.7492654390195496,-0.7559289460184543,0.4822391480864018,0.0,-0.8760441723539066,-0.690822447050267,-0.6714020802938719,0.0,0.4405217428692867,0.06788210465711352,-0.1904373293022614,-0.36128830359847236,-0.3535533905932738,-0.6647646867766445,-1.7129582143195017,-1.7265247805046715,-1.488604085959638,-0.749450654162499,2.012423293318961,2.749900230229056,1.133816874428477,-0.046069160460082414,0.32705299113221553,-0.4183082496162536,-0.16100486428230285,0.23898683035452603,-1.3136609153795706,0.8248961318762837,0.39385041122087444,-1.5089732845503847,-1.5863262663391784,-1.5614401167176533,-1.5436437142638582,-0.8192433436128217,0.7134357770381223
-0.4407457031851229,-0.6608841071461489,0.9752915947967634,-0.49077403821340604,-1.7448403501670275,1.319477001254313,0.6646054450741499,-0.7395743361038184,0.11229471140360671,-0.048879576103456834,2.2842029540463886,0.0,-0.2461829819586656,0.5993316391265313,0.11180339887498952,2.4933211662698866,0.5278861484371756,1.1785113019775793,2.1475019687726373,-0.7492654390195496,-0.7559289460184543,-0.11784363849602288,0.0,-1.0422017960619827,-0.9504534082492018,-0.9912223703225959,0.0,1.2900993898314825,-0.8711226800381443,-0.5243630974594371,-0.4616857421918791,-0.3535533905932738,-0.457049374264048,-0.04825234406533816,-0.010037934770376025,-0.1436876530849072,-0.30308666160983416,-0.5866084144462304,-0.48880451202544833,-0.6408530159813132,2.8054457900635885,2.676360148837898,0.4318020641200034,1.8048284699643848,-0.3905394544817863,-0.13356577366772013,0.13812691364705623,0.33235018447671244,-0.6903968678545636,0.9463849561535772,1.2198750911856664,-0.14721341519901213,-0.18864155938453134,-0.5307072372622108
2.0905502110020904,0.6242200994131093,0.9840456278755015,-0.06394331284657491,1.511466875807504,1.7255303061576701,-2.0860937690105934,2.163157201219502,-2.0965271841887922,1.5426352437770696,0.42399428633832514,1.414213562373095,1.9694638556693238,0.37678458455553243,2.1242645786248002,-0.8825915632813753,1.7436485549147942,0.8249579113843054,0.07669649888473708,-0.4488686961868269,0.3779644730092272,-0.8283880927871468,0.0,2.1481886890019113,1.5219744243762716,0.9039697747300734,0.0,-0.9754410020677065,1.319888484250791,0.5355521734987928,2.332577910700171,2.8284271247461903,-0.6647646867766445,2.249765542046388,2.239463247270885,2.1840523268905883,2.7222692879137833,1.3336270564734154,-0.5218180945915842,1.799318083332148,-0.3628843841985016,-0.47593409372023227,1.6462453694575134,-0.6765219631199796,0.9209736389271975,-0.5573737955683886,0.3323763371646684,-0.2295832167955498,0.7270780366187101,0.013400588478797534,0.19518001458970646,2.1683770172848926,2.6248125548647643,0.3130219333552567
0.20618118079560951,0.12461333786720853,0.6276339814270524,0.37327283080634893,0.4200386683543917,-0.5321486252165741,0.026188952430946728,-0.12997118673079885,0.5320335198922848,-0.3915576465787545,-0.2870184875379857,-1.414213562373095,-1.7232808737106584,0.6727833337777275,-0.8944271909999157,0.3089070471484818,0.7861442949033631,-0.23570226039551598,0.07669649888473708,1.3845872859301356,-0.18898223650461354,-0.48762679612069854,0.0,-1.1401611142487735,-0.9551612645038849,-0.9225123573132034,0.0,0.15732919388188807,0.1247914855477366,-0.8501936440919505,-0.9360713041369886,-0.3535533905932738,0.24727580467932397,-0.6091858438248933,-0.6333936840107254,-0.6609632041905729,-0.5014706582999074,-0.657841314796895,0.05097961168363568,-1.0845204885837607,-0.3839299828498389,0.135118727881797,-1.9970845465550169,-0.49045970854874094,-1.1774473105271765,-0.3512379606251765,-1.9162582300435154,0.7982724535682091,-1.40833870258778,-1.9132500569634305,-1.8542101386022134,-0.6477758660318232,-0.57670419583271,2.329391646186829
1.655730900362317,2.05608047959783,-0.33487129767041607,2.3774201384677105,2.520681376947606,1.720306555304553,0.0588649316839749,1.5426763100695788,-0.28354113594718744,0.45383936026159954,-0.18201178812934993,-0.6864064729836441,-0.7071067811865475,0.27381538331758754,-0.35355339059327373,-0.0052915147170379965,-0.6410416321421081,2.0277677641345315,0.7427813527082074,-0.7499780909039646,-0.31622776601683783,0.39754678337121613,-0.3535533905932738,1.8268226003039163,1.8311752905795184,1.8410677498697283,1.8708286933869707,-0.6553464994241572,0.6441893830172747,-0.46715233493975594,-0.4282270193352943,-0.6681531047810609,-0.7192206168841143,0.7561884665236613,0.789527607012368,0.42439989841565257,-1.0706196407194946,-1.5299703262555016,0.03596216959943095,-1.3032622385044224,-0.5735254077862899,-0.5862751857710605,-0.6488856845230501,-0.26510788841459376,0.7948431926704661,0.5272163061377776,-0.5952426943507568,0.03910198666323453,1.2520866475104109,0.581732668281002,0.16664305112752364,0.348513895687608,-1.2080208134441583,0.49313989175302136
-0.577917627988212,-0.03760118205415534,0.7634032512645506,0.44776311749340875,-1.1785356566020162,0.516285878209142,-0.4925157809550066,0.5823288258884214,-0.06914173725613527,0.48746341379577146,-0.17239217223410028,1.0786387432600122,0.3535533905932738,0.09460200473093981,-0.35355339059327373,-0.0052915147170379965,-1.0301709244989126,-1.1355499479153375,-1.3462912017836262,-0.574502447839896,-0.31622776601683783,-0.5390188986429914,-0.3535533905932738,-0.45303250673509454,-0.47575504567277843,-0.47118288685052095,-0.5345224838248487,2.0668620366454187,-1.271481003788848,-0.2339597923658778,-0.3444145613198898,-0.6681531047810609,0.3153003475534452,-1.194353746191577,-1.2013527373466886,1.6466716058527315,0.0,1.487001539509185,-0.6860475431276039,-0.551380177828794,-0.07482028165715562,-0.06909436601567637,-0.6488856845230501,-0.3160018099352713,-0.30570892025787144,-0.692922456976025,0.7747510902849174,1.4225338702032435,0.20011355510063744,-0.29658454516554367,-0.3689953274966589,1.5846317353308288,1.0049022695907155,-0.36242811321607515
-0.5697339735031013,-1.607212890528864,0.94017331902382,-1.280400946487202,-0.31122794877229715,-1.2452980483903837,-0.638743969467913,-1.2137689562117757,0.9753332239363908,-1.4914058395304453,0.25913055630390575,-0.6864064729836441,0.3535533905932738,0.41595013185182494,-0.35355339059327373,-0.0052915147170379965,-0.3790929441581868,-0.4055535528269062,-0.9284766908852594,-0.900214086677996,-1.2649110640673515,2.270678147399631,-0.3535533905932738,-0.6155271039704863,-0.6085081661193763,-0.6032407037913561,-0.5345224838248487,0.025205634593236725,-0.8651266793148223,-0.11691086651554719,-0.11548520439685718,0.5345224838248487,-0.7428791004783204,-0.07067181930127665,-0.06824530731254462,-0.9506557724510614,0.47583095143088644,0.5472206404687281,-0.8603257496479227,0.5012547071170856,2.174639336030197,1.3856967856476476,0.8111071056538127,2.824309452168018,1.3451192491346349,-0.4680007147706079,0.2427480776973139,-0.5463020095092482,-0.6590895989094394,-0.2828608387054414,-0.4761230032214954,-0.956804656238725,0.3314039399714061,0.06535588926847338
0.34633945239397557,0.10897695415304455,-0.7532937601070089,-0.4621505080365849,0.18418325234193123,-0.25994102166789373,1.349588347110548,0.5076770362152085,0.39016368667414963,-0.23565600516324703,-0.46793853030085464,-0.6864064729836441,-0.7071067811865475,0.3294333283962024,-0.35355339059327373,-0.0052915147170379965,-0.40077145626720095,0.8111071056538127,0.3249668418098407,1.5300033809627354,1.5811388300841895,-0.02030559783512284,-0.3535533905932738,-0.37308971695225085,-0.3771305007135089,-0.359802207784658,1.8708286933869707,-0.2016450767458946,1.0698939134186354,-0.47033349062136875,-0.42586785518898257,-0.6681531047810609,-0.6339963066640762,0.8833977412659595,0.853066341406806,-0.18673595530288695,1.0706196407194946,0.2800942946957979,0.8575594289095049,2.1553952406034678,-0.6304868032003178,-0.6213711605168718,-0.6488856845230501,-0.35830466173855646,-0.5808469484899558,1.5423391137619937,0.7816467668893384,0.947636074593632,-0.19093403422446162,0.9522727427037634,0.8094091054765427,-0.22446397871933435,0.7162601283252972,-1.0041041169428977
-0.2872098993777044,-0.15445027174305093,0.556825148285443,0.01263204367838687,-0.29611481561736935,-1.6924355308204122,0.4814131269728494,-1.1598551149431022,1.0420708452380414,-1.7690303611170328,-0.13783596114305793,1.0786387432600122,0.3535533905932738,0.291067245911417,-0.35355339059327373,-0.0052915147170379965,2.173190548143082,-0.16222142113076238,-0.09284766908852597,1.5263977170641587,1.5811388300841895,-1.0209900073103026,-0.3535533905932738,-0.5939432413483233,-0.5980275871708771,-0.5875508558114899,-0.5345224838248487,0.025205634593236725,-0.04348716609261537,-0.18975343163978678,-0.24448669299433196,1.7371980724307585,2.5526401256328035,0.03533590965063848,0.02706279427911234,1.6466716058527315,0.8327041650040513,0.48720745805595717,-0.8914468579551226,0.05012547071170864,-0.521123639508636,-0.518070754966171,-0.6488856845230501,-0.35123506170355495,-0.030570892025787045,-0.5657046586619828,-0.8637320502414693,-0.49044969153722695,-0.053241221081821104,0.93168718301361,0.9165367812013792,1.7520411328947998,0.7162601283252972,-0.36242811321607515
-1.159325490030665,-0.12877339928382306,-1.589706815610585,0.09352579639177602,-0.2052844758716748,1.0552081643078262,-2.2249190623809003,0.6718860808817331,-2.5299508462999647,1.588829124828127,-1.0884658814612491,-0.6864064729836441,-0.7071067811865475,0.47053811498453935,-0.35355339059327373,0.042332117736269166,-0.9875365173511846,-1.6222142113076252,-1.3462912017836262,-0.18989829865837565,-0.31622776601683783,0.04477370981253125,-0.3535533905932738,-0.3928238198818765,-0.5080736327211008,-0.5573716854603107,-0.5345224838248487,-1.5627493447806826,1.9213029742213565,-0.49412300267516895,-0.43648719000334174,-0.6681531047810609,-0.4525249836403359,-1.8091985741126848,-1.8049707140938493,-1.409007662739966,-1.3085351164349377,0.5552896398240006,1.4945047789301944,-0.8521330020990453,1.4583864066159973,2.2275628770276423,2.2710998958306754,-0.43430496604846547,1.0699812209025505,-1.8478955004258926,1.7506728315792535,-2.133782273832816,-1.2373994141085296,-2.4786538723218055,-2.511548841993389,-1.3695949516019472,-1.4966629547095767,-0.6832661150794864
-1.043472587995731,-1.2444173647825012,0.8950707814045634,-1.0934142621357157,-0.7758914333922897,-0.3453881364858739,1.1305701544635793,-0.54605788497454,0.1790093410831816,0.26960609817292397,-0.41520764745182503,-0.6864064729836441,-0.7071067811865475,0.46847819109273914,-0.35355339059327373,1.2193161769393523,0.9180046970311615,0.08111071056538141,1.5784103745049407,-0.900214086677996,-1.2649110640673515,0.7289469477762431,-0.3535533905932738,-0.7393986873593655,-0.6289916728480148,-0.616836017730768,-0.5345224838248487,1.1594591912888934,-1.1437696446684398,-0.3693110510626733,-0.39011919407984313,-0.6681531047810609,-0.545790245412537,-0.7491212845935334,-0.745991807519883,-0.4923038821621567,-1.4274928542926593,-1.5540201358968424,1.6542598015738195,-0.8521330020990453,-0.7253766237406774,-0.6945179134423467,-0.6488856845230501,-0.44353702044837273,-2.231675117882462,1.1830943469058286,0.4874188129813271,0.6828556330943181,-1.364076802199759,0.4170481907597747,0.7022814297517062,-0.5075413427525076,-1.015592719267213,2.5251139035546264
1.7197597913421478,0.7032895065576447,1.0064455344772665,0.1589065705463368,-0.41199983440959076,0.24181215999929503,0.23114364372915477,-1.2835731019651329,0.5007953782105012,-0.04399357127501138,2.6587162527502284,1.9611613513818404,2.4748737341529163,-2.8093242036375825,2.82842712474619,-2.454506898029819,-0.3841512636502901,0.3244428422615252,1.160595863606574,1.0636708500801422,0.6324555320336759,-1.1386610801787547,2.8284271247461903,-0.5514880552364702,-0.5348213979151704,-0.5351491901530522,-0.5345224838248487,-0.2016450767458946,-0.04348716609261537,2.8038949331411027,2.813730223950824,1.7371980724307585,0.5521002606190907,0.8833977412659595,0.884835708604025,-0.3395199187325218,1.4274928542926593,0.5957774505076389,-0.786050037821406,0.8020075313873369,-0.5341386284590883,-0.5413347684013238,0.8111071056538127,-0.3502018171607391,-0.030570892025787045,0.6393789173233033,-1.2481226033703166,0.546881802804551,0.1835904175235206,-0.3514793710059528,0.48802607830203315,-0.2805527653436886,1.3897584579446067,-0.7902121157006238
-0.08417056520297884,0.3041081680838778,-1.4840461610676283,-0.2542819499181196,0.47418953537570113,0.00944997954374205,0.10459860884371455,0.8986868050396013,-0.2047387556389752,0.7403477800273133,-0.4539948283336837,-0.6864064729836441,-0.7071067811865475,0.46543980335233304,-0.35355339059327373,1.2193161769393523,0.7315694928936396,0.08111071056538141,-0.09284766908852597,-0.8052649373488081,-0.31622776601683783,-0.7229700043924486,-0.3535533905932738,1.8924805311799506,1.9001327125813086,1.890065797712428,-0.5345224838248487,-0.6553464994241572,-0.2680346106999268,-0.46235096332092424,-0.4286425066322835,-0.6681531047810609,-0.3256294807259574,1.265025565492854,1.266068114970653,-0.3395199187325218,0.0,-0.8686005609089654,-0.8184159904608937,0.05012547071170864,-0.5735543582940282,-0.5825955135618401,-0.6488856845230501,-0.3056162267184645,-0.030570892025787045,-0.3175053532944489,-1.330140231469603,-0.4684753924796878,1.8689504503894405,0.5268378424405928,0.27377072685236015,-0.34622906925703284,-0.43830843673637615,0.11882888957904174
-1.1835130936334919,0.9642503677371921,-2.0436358032211004,0.09743886752089952,0.2489265001978972,-0.9266620202187918,0.4959196174489648,0.48487348045279116,0.5787457747745403,-0.5736743979714616,-2.4002783453541707,-0.7745966692414834,1.12089707663561,0.39831107240818964,0.0,-2.4394301941500904,2.4446282349656614,0.16012815380508716,1.12089707663561,2.6457513110645907,2.6457513110645903,-0.6281767414892091,0.0,-0.5874271543147034,-0.575152339331555,-0.5484434472330096,0.0,0.22473328748774737,-1.2298522462415054,1.199144120988422,0.2607666157872082,0.0,0.9577704149151164,-0.009235929676938625,0.002294598185442431,1.179535649239177,-1.3840944837197082,-1.0830840546028577,0.012574038768488477,-0.43515327467107956,-1.0034838443524643,-0.9936007033027248,0.6396021490668313,-0.5503265479765446,-0.5855242318240494,1.4598138077070284,-0.6972430027407182,-1.4875416816277007,-0.10251861622766598,-1.8314042114230071,-1.5331103516796665,1.2598698799674704,-0.9062460870640567,-0.17135781635482017
0.1845437985142012,1.088355830637702,-0.5507757668833143,1.9546119974987195,2.025893989340168,0.8971701002215916,1.008352079821115,-1.1602496979398436,0.5900844201628083,-0.9521701056403488,0.42654575464517813,-0.7745966692414834,-0.16012815380508713,0.40816173441238157,0.0,0.517454889668201,-0.809334050099149,-1.547905486782509,-1.4411533842457842,-0.3779644730092272,-0.3779644730092272,-0.9548898717618028,0.0,-0.4650014217693063,-0.4238393342209644,-0.3763748974239811,0.0,-0.13483997249264842,-0.2147226788468317,-0.15954114628033894,-0.1308637839415256,0.0,-0.015444238606081108,-1.0806037722018191,-1.1174693163104639,-0.8846517369293828,-0.23863697995167382,-0.03256010037489198,-0.36765224046983513,0.8307471607356973,-0.18217415171047657,-0.18934962944876435,0.6396021490668313,-0.5501014602958031,0.0254575752966978,0.7773185428832223,1.4895398816559657,-1.1101094324373522,0.05638523892521629,-0.25024409155214283,0.2508726030021272,-0.8944006849085117,-0.1954648423079338,0.7249753768857792
0.8087239948218956,-0.49509976067619904,1.2416404611900291,-0.3514795907027902,0.4517962936182821,0.4790210248208738,-1.8303510130472431,1.310958758894689,0.1318617326845046,-0.29454062799198194,0.7113808931032823,1.2909944487358056,-0.16012815380508713,0.3277963787854219,0.0,0.517454889668201,-0.43168441263542284,1.4411533842457842,-0.16012815380508713,-0.3779644730092272,-0.3779644730092272,0.3185838508998336,0.0,-0.49327938129780957,-0.34634732577899013,-0.3335247951935163,0.0,0.5843065474681431,-1.0736784666423247,1.8139045744656392,1.789500503735529,0.0,-0.2106857872661181,0.24937010127734288,0.24093280947145526,-0.5897678246195885,0.33409177193234335,-0.3064696618305706,-0.35816239988984383,-0.43515327467107956,1.8911683260357566,1.8872310155314336,-1.0660035817780522,-0.5517211360320412,0.4327787800438626,-1.522586010704066,-1.0305518533616436,0.715356528741884,-0.9688009233514435,0.23430497744054138,-0.6411188743387696,-0.6106649870213436,0.6574726513994137,1.9376614618583556
0.13843167272262888,-0.40023689078046476,0.5028233478973406,-0.4378223017596553,-0.05037741747041432,-0.9424527026476083,-0.5108431507204663,1.507808163128618,1.0466209591275288,-1.541904791267453,0.6114781034688229,-0.7745966692414834,-0.16012815380508713,0.36800134316452243,0.0,0.517454889668201,0.437622300016928,0.16012815380508716,1.12089707663561,-0.3779644730092272,-0.3779644730092272,-0.20577167550379324,0.0,0.7466299324587737,0.29071290855879806,0.15706878689207532,0.0,0.5843065474681431,0.008605825979996696,0.0941615337157475,0.38596605032587994,0.0,2.1599250404821424,-0.15701080450795663,-0.10784611471579425,-0.5897678246195885,-1.1931848997583692,-0.9223275603470853,2.601402548990154,-0.11867816581938533,-0.9507756979163579,-0.9455139055368406,-1.0660035817780522,-0.5096739689326383,0.0254575752966978,0.3002997182446097,1.0464313562468972,-0.16483048368194753,0.7740155525188781,0.4893308032261646,0.4738704723373514,-0.440338149214454,-0.6219335891616076,-0.6634623146045613
-0.7544714398778777,-1.170173626304503,0.3858953171328902,-1.0766054918320151,-0.8310918304189465,-1.3614642879403034,-0.6207311251292477,-1.2402550843513918,0.2844236800392927,0.7637959838281524,0.43859657971746874,-0.7745966692414834,-1.4411533842457842,0.4481438331352785,0.0,1.1088319064318592,-0.34855398929435105,1.0141449740988853,-0.16012815380508713,-0.3779644730092272,-0.3779644730092272,-0.24740447028311596,0.0,-0.6703789976448142,-0.5877547604082671,-0.5539222025077988,0.0,-0.4944132324730442,1.423019689883242,-0.807628989260996,0.3042468419693224,0.0,-0.4423048886246052,-0.2678419606312201,-0.2730571840676493,-1.4744195615489712,0.9068205238163606,0.8364946290694392,-0.5099998491697068,2.096647596142474,0.13593337126939395,0.11144628422843712,1.4924050144892729,-0.5535126862034756,-0.1782030270768846,0.6434340876890529,1.2597144199211079,-0.0015194890020196782,-0.31268177949438125,-1.130083190512543,-0.6411188743387696,-1.5205976944596533,-0.1954648423079338,-1.577370668496937
2.1111425774373433,1.2011564210403254,0.1743658537294851,1.0008034953561822,-1.7012331258408007,1.4976273316342217,0.4443042742960031,-0.8732514658339919,0.31637466291462213,0.034334769729326,0.7436986189934883,1.2909944487358056,1.12089707663561,0.24756474255218416,0.0,-0.07392212709545729,-0.4625614270192495,0.16012815380508716,-0.16012815380508713,-0.3779644730092272,-0.3779644730092272,0.3349104370878034,0.0,-0.027825171875406444,-0.2611023192645278,-0.3402507467910217,0.0,0.22473328748774737,-0.2147226788468317,-0.6312819161328751,-0.989966870015371,0.0,-0.6694866820590004,1.874893724418541,1.8563299320229267,1.4744195615489712,0.9068205238163606,0.17768444587793372,-0.6238779361296041,0.19779694303230888,-0.9904332643155129,-0.9850431041601514,-1.0660035817780522,-0.5535405976005893,-0.5855242318240494,-0.13932051293176423,-0.46973206075090856,-0.5552500303654871,-0.26142247138054825,0.8208643767474749,1.8118576883486965,1.4407161971179907,0.9417851493018629,-0.4349852261314672
-0.7377687200516915,0.39641272170676967,-0.7224567099274044,0.10996902999376969,-0.198186972733513,0.9059080752686131,-0.5007955451667236,-0.26531449367011256,-0.5582551212458154,0.8194642454963889,-0.6465620077380911,-0.7745966692414834,1.12089707663561,0.4427950573863957,0.0,-0.07392212709545729,-0.02078260583526795,0.16012815380508716,1.12089707663561,-0.3779644730092272,-0.3779644730092272,2.3376383428120864,0.0,2.3403089310515637,2.542313081644568,2.580148528300655,0.0,-2.292279532375023,1.739401738387915,-1.4784394242973773,-1.8537023133981205,0.0,-0.62050884931195,0.9143570380169239,0.9201338723624148,0.0,-0.811365731835691,-0.7952049515147238,-0.5099998491697068,-1.384578601226162,1.2113820410371874,1.2345832815700313,1.0660035817780522,2.2958024593005755,2.2657242014061043,0.0371489036171848,-0.6355509005533378,1.7004032661102226,2.1323872175354524,1.522185397657939,0.9198662110077999,-0.04458315506594024,-1.474871082868955,-0.4349852261314672
-0.5670887899329888,-1.5846650633608228,1.0121433000820732,-1.2969160060751073,0.05427256330732708,-0.5491475211385967,1.5141448624975968,0.2354303393192458,-2.389856108457481,1.7446949238173826,0.11514040316402128,1.2909944487358056,-1.4411533842457842,-2.640774161844374,0.0,-0.07392212709545729,-0.809334050099149,-1.547905486782509,-1.4411533842457842,-0.3779644730092272,-0.3779644730092272,-0.9548898717618028,0.0,-0.8430267366082971,-0.6388299111990615,-0.5847012260434029,0.0,1.3034530674289346,-0.43805118367365986,-0.030318753198220156,0.23405295553707753,0.0,-1.1592650095295045,-1.5239283966948731,-1.5213185969483318,0.8846517369293828,1.4795492757003776,2.125467253722757,-0.24428431292994657,-0.7516283835227737,-0.11161678004752693,-0.11975323888142062,-0.6396021490668313,0.973073937740516,-1.400166641318379,-1.556108536505254,-0.9626078404173584,0.9034913222623538,-1.317364218525508,0.14504593841557323,-0.6411188743387696,0.8099985935844435,1.7947226430092103,0.6195244129751208
-0.309111117333637,-0.8178241881564385,1.3246706532302945,-0.719451627831012,0.20783640038407622,-0.906826229567145,0.7486399652566629,-0.4560571567344647,0.7441896232000714,-1.1419279202519474,-0.2722234049673838,-0.2193936992825279,0.5607721540920443,-1.2516198556777922,0.912870929175277,-0.2098011110309502,-0.034851423288137465,-0.09605226665345813,-0.9523839435224623,-0.30574384521153025,2.4987801902176976,-0.991403542052621,3.16227766016838,-0.9389405090261953,-0.7262667094476479,-0.6241559062425959,0.0,1.2841737670020994,-0.3308241777498512,1.2434316327487687,0.5671420952527989,1.697749375254331,0.7154222767263961,-0.4389686579795771,-0.44592366845195863,-1.4157191665069022,-0.5958668071879797,-0.29841319240701336,-0.35308553939342885,0.13463011596692667,-0.3661296582833098,-0.24851362544235006,0.7380249664231081,-0.01649601581347781,-0.7007339923473372,-1.1573195131778307,-0.36014253827217935,-0.2524402129428935,0.4200268029703145,0.5008932353537626,-0.1285166001593433,-1.3374718213840204,-0.05140046620434284,-0.4701634162874723
-0.9592353762795377,-0.8945341277149613,-0.08688439092186309,-0.8750061770689715,0.9999423994524758,-0.7465757894636721,1.830520221938589,-1.084064849020412,0.6595141278089659,-0.7773191043970766,-0.2196759018060734,-0.9089167541704728,-0.672926584910453,0.8990361039456995,-1.0954451150103321,0.944104999639277,0.7814657943855549,1.3127143109305957,0.15037641213512576,-0.49204257305179216,-0.07808688094430298,-0.5936645173890516,-0.316227766016838,0.8617670662311379,0.1388098247125695,-0.03704348029523825,0.0,0.19756519492339975,-0.6749451576464652,1.617940108432832,0.9491348439301219,1.697749375254331,-0.25957775203923017,-0.27246330495284093,-0.26425106278634586,0.3455028918260892,-0.05860984988734239,-0.27765648943897175,-0.37047805029001035,-1.2323833692357136,-0.6399736018130617,-0.5404177689189588,-0.2767593624086655,-0.42054127883465947,-0.18686239795929002,0.18625209103692383,0.5938110391015156,-0.6021840324522538,0.09306858395281914,0.1891294370704631,1.5421992019121193,0.3303050597861885,0.042833721836952145,-0.5462192630398572
-1.1272110395980761,-0.2132242841303261,-2.0093021842539827,-0.31042062051594854,-0.22674158638078054,-0.6774466412310645,-0.14597267359042077,-0.364974633422491,0.5245618894858747,-0.5824442648339182,-0.19983283376877842,0.470129355605417,-0.05607721540920437,0.331262930605098,0.912870929175277,-0.2098011110309502,0.06802082807781287,-0.6243397332474783,0.7017565899639198,-0.49204257305179216,-0.9370425713316365,0.3517807051718922,-0.316227766016838,-0.8517936519546955,-0.5892509175483798,-0.4792087416596783,0.0,-0.01975651949234017,0.673059784293375,-1.2897081411146238,-1.2883631725744247,-0.970142500145332,-0.7892340869562555,0.3658072149829812,0.36461564913308303,1.1797659720890852,1.9829665878550795,-0.17165866955064157,-0.347288035761235,0.36246569683403335,0.5842674312978401,0.10845251732954861,0.23063280200722128,-0.41859203118108895,0.49829972789143956,-0.5092357460480008,-0.7439597197527154,-0.029045201088311785,1.0364234453803467,1.2563209004248346,1.1566494014340896,1.1151408714389772,1.5505807304976718,0.21433920448399416
-0.23900109509652903,-0.15636466318797543,-0.22117306135152243,-0.08366283594975046,1.1258601321363972,1.4133533847004967,-0.4228969798010844,-0.06045452290009392,-0.028871921661232678,0.20314773886760934,-0.4372059780225184,-0.2193936992825279,-0.05607721540920437,0.9097893837438169,-1.0954451150103321,0.36715194430416337,2.758981302657636,0.7844268443365755,0.15037641213512576,2.639083414158224,0.7808688094430305,0.39742288833000694,-0.316227766016838,-0.06644173260183636,-0.4218337778878854,-0.48523499139069676,0.0,-0.45439994832381997,-0.12435158981188284,0.9019966328394019,1.1748559869699222,0.36380343755449945,-0.8437215379262207,1.864355392223607,1.8599209419192806,-0.21067249501590812,-0.16606124134746986,-0.400199706671285,-0.3878705611865918,-0.20712325533373338,0.9237311485287962,0.12089071771889469,0.23063280200722128,-0.4034900721268368,2.2112050425182637,-0.9086125539096165,-2.031987758434779,-0.5647068680719101,2.1137775768970117,-0.7161846694829643,-1.0281328012747464,-0.2642862575440654,-0.33410303032822775,0.7467301317506908
-0.0861327187087673,-0.6260204325086759,0.5884582257166096,-0.5264749515839247,-1.577355495452061,0.2517640621665878,-2.3646410345087925,0.844712155919564,-2.765545482191313,1.7410052306240713,-0.34048164533106545,-0.9089167541704728,-0.05607721540920437,-1.122401276770414,-1.0954451150103321,0.6556284719717201,-0.5070276561764563,0.9605226665345823,0.7017565899639198,-0.40216160786570093,-0.07808688094430298,-0.36154141447064053,-0.316227766016838,0.8441325036197384,1.0803803928851152,1.1382193859072123,0.0,-0.8890433771552998,1.2077296226911403,-0.9833797603739421,-0.4943796911473188,0.36380343755449945,0.8056184678856065,-0.5222213344929452,-0.5157977475541174,1.1797659720890852,-0.05860984988734239,-0.27765648943897175,-0.37550255343791167,-1.004547788368607,0.002629095175273661,-0.15151999398975424,-1.291543691240439,-0.12807025266503316,0.8408807908168043,2.22201506545253,0.9551653101519724,0.2877181858751399,-1.0057254307781078,-1.2138076552043848,-1.0281328012747464,1.236582098863008,-0.42833721836952277,2.2678470667983937
-1.0627734888360496,-0.8894207913882755,-0.013895021040785062,-0.8880547484891578,-1.010288013012137,-1.3692529875740778,-0.32449357361984627,-0.8623598868090635,0.5460701959651031,-0.27525580610685174,-0.7929912525164425,-0.9089167541704728,-0.672926584910453,0.9743090625325217,-1.0954451150103321,-0.2098011110309502,-0.6890893384500087,-0.6243397332474783,0.7017565899639198,-0.43974819330715725,-0.07808688094430298,-0.3980551609971321,-0.316227766016838,0.5968802086913659,0.1741708638939784,0.041268932477231214,0.0,-1.3236868059867797,0.9444476889258366,-1.1476433364506133,-1.0552720531916533,-0.970142500145332,2.6454213045433392,-0.7719793640330495,-0.767344432321889,-0.7668478818579054,-0.7033181986481072,-0.3046396230149948,-0.15017291226664495,-0.8906299979350535,0.4786586226447942,-0.05903071388424391,-1.291543691240439,-0.42824706204716,-0.7007339923473372,-1.1668860232794753,0.730556124509698,-0.8916162702041789,-0.5233280584572131,0.5968205579024701,1.2851660015934327,-0.5487141517442395,-1.0879765346585877,-0.3180517227827017
1.491235042142888,2.40583417947889,-1.339108932133808,2.491006386780599,-0.47007021404816146,-0.2438172175591481,0.43600413574106867,2.2713916916669348,-0.5264682042086541,1.217095890184644,2.5597849388100737,2.5386985202692514,2.4113202625957904,0.10347262021497632,0.912870929175277,-0.498277638698507,-0.4996267747832225,0.6083310221385688,0.7017565899639198,-0.49204257305179216,-0.07808688094430298,-0.9836878396616064,-0.316227766016838,-1.057280248055745,-0.8061493647087663,-0.7150109919001995,0.0,-0.01975651949234017,0.5363606915896169,0.5672152380564739,1.8864900912238445,0.36380343755449945,-0.20689945471475205,0.8375723818920671,0.8397593870277626,1.0870700742820856,1.6606124134746971,-0.22724385278178852,-0.3927984392739566,1.3877258107360135,-0.6513299351298311,-0.4936898890569224,1.2454171308389947,-0.4324452072277591,-0.015571866496607628,1.0237672288127073,1.3723951356655864,1.6887048788478134,-1.171884525688638,-0.8600756533060256,-1.0281328012747464,1.0677979632874026,1.6448149185389669,-1.8391686578304054
2.2219670604699426,1.4471640423988155,1.5824437226240686,1.3604102177322794,-1.4923942173163032,1.1375222441248696,0.2409646499314693,0.2358758087550297,-0.15545819209626507,1.2372093835952966,1.1455505389383278,-0.2193936992825279,-0.672926584910453,0.8461658116049551,0.912870929175277,0.6556284719717201,-0.8615298749123571,-0.9765313776434917,-1.5037641213512563,-0.49204257305179216,-0.9370425713316365,0.15606267691531078,-0.316227766016838,-0.8246699237889854,-0.6455150856883383,-0.583356177202447,0.0,-1.3236868059867797,1.2177202317849127,-1.2932553217060785,-1.087842799416275,-0.970142500145332,-0.5287159620061093,0.06054740110063149,0.05716970108358448,-0.025280699401909027,-0.9182209815683621,-0.385864801538254,-0.2566537289779382,-0.20712325533373338,2.3520125976494355,3.0306655943923855,0.7380249664231081,0.0002180550041891533,0.8408807908168043,1.0110152879390013,1.1423004979384836,1.8609952298202797,-0.6466073869392195,-0.8840574839432025,-0.5140664006373732,-0.05692950607421733,-1.0879765346585877,0.44250674474114965
-0.3449525661820346,-0.44434366379919266,0.49067535673216417,-0.3383529136543298,1.453648285492266,-0.7875214655465813,0.2932616260311205,-0.8474490456398796,0.7832106101306656,-1.0549620024936335,-0.41072747483566024,-0.5641552267265003,-1.2897759544117016,-1.1225804981003826,-1.0954451150103321,0.6556284719717201,-0.6594858128770733,-0.4482439110494716,0.15037641213512576,-0.49204257305179216,-0.9370425713316365,0.13661041314078093,-0.316227766016838,2.144618334199174,2.646199402946574,2.721594877434233,0.0,1.2841737670020994,-2.051429077232922,0.2405271173454722,-0.5948049729248531,-0.970142500145332,-0.15764182604770755,0.3935581071541039,0.39256528077394653,0.6235905852470878,-1.133123764488617,-0.4234268524209557,-0.12118539410567579,-0.4349588362008401,-0.22417280997571498,-0.31426511104814364,0.23063280200722128,3.1176307869974362,-0.18686239795929002,-0.3035827508622376,-0.11729075006876843,-0.7491664630490189,0.350347182523963,0.3270249632342302,1.0281328012747464,0.6131226746133477,-0.6168055944521127,-0.013828335773161332
0.48471007743365063,0.3947945414770908,0.17146271630464155,0.3758257149524937,0.2969206091862531,1.7986126570713405,-0.7841059630956211,1.1710058007633501,-0.542559398123451,0.5288082677506555,0.30109012378746997,-0.2193936992825279,-0.672926584910453,1.0067839675228363,0.912870929175277,0.6556284719717201,0.3455538803240818,1.136618488732589,1.2531367677927137,1.4608256705369183,0.7808688094430305,-0.5104218690578236,-0.316227766016838,0.32734075346585134,-0.03803856809469683,-0.2532099598811011,0.0,-0.45439994832381997,-0.12435158981188284,-0.008496700252243023,0.3467892299514335,0.36380343755449945,-0.42724524695199756,0.6988179210364536,0.7000112288234451,-0.025280699401909027,-0.8107695901082347,-0.3867939157598703,-0.39357143975824915,-0.20712325533373338,-1.2535346032288002,-0.8003184317260658,-1.7989358556563257,-0.4349834610528045,-1.385896118198067,-0.21697706702954384,-0.7712130444098337,-1.4276773866038692,-1.2951638541706447,-1.1538530786114425,-1.0281328012747464,-0.04920294342342678,-0.9937423466172927,-0.9264984968017833
-0.06949477801194923,-0.2060606124689499,-0.4873470849058133,-0.4858184443722776,0.6926416995579744,0.13018798287839162,0.4927196257168536,-0.8476253625784628,0.761356751690237,-1.0953574129388552,-1.3332871102879535,1.1596524104933619,1.177621523593293,-1.574218249621316,0.912870929175277,-2.8060898600389614,-0.7024109249578296,-2.033106310831532,-2.0551442991800504,-0.49204257305179216,-0.9370425713316365,2.796897660070885,-0.316227766016838,-1.0356128007798084,-0.8125060610625233,-0.7238629472467193,0.0,1.7188171958335792,-1.2734164270318817,0.15137253047455093,-0.4037495580735948,-0.970142500145332,-0.9534261825130704,-2.21502575693143,-2.220725277646791,-1.9718945533488994,0.8010012817936774,3.153553593022746,3.1486066544516422,2.29906813420444,-1.206158286865424,-0.6522532953743907,1.2454171308389947,-0.4349834610528045,-1.2146055867353844,-0.18043601893447567,-0.7696342964289731,0.6794181398691665,0.6290656643093688,1.9577894465622583,-0.2570332003186866,-2.106343987818952,1.362112354415082,0.44250674474114965
0.5207352638859686,0.5298881791520353,-1.0649604695741044,-0.6772105319821802,0.4577138334891885,0.5602316527177975,0.0028754017164333593,-0.3611414960743427,-2.347486236789685,0.45669260233158065,2.642654153349772,-0.5773502691896258,-0.5773502691896258,0.33584706077433946,0.0,2.561747798140147,0.0,0.0,0.0,0.0,0.0,0.0,0.0,-1.392510804090052,-0.8959892520446486,-1.1240172877460404,-0.5773502691896258,0.4738704723373514,0.18006101925146434,0.9852026121632883,0.8814948035860558,1.0,1.143758956404085,2.523573072576179,2.5457631449348943,0.8980265101338746,2.5495097567963927,2.6367806026033658,-1.1833257490993003,2.5529201695531665,-0.2540503338163165,-0.29471376579936526,1.7320508075688774,-0.263871419391738,1.0,-1.9376673743470365,-0.7279577601261397,-0.2499344375541389,0.966505052370022,2.1071831478890624,-0.2341464528954235,1.06562442405967,2.2813010247060945,-0.9674830803660693
1.1236743815523746,-1.0000963876996747,1.442536448397357,0.3909710778594801,0.6263713870853297,-0.27507940113794543,-2.240592703254834,1.8963906852321162,0.8893483714285974,-1.7909469014047417,-0.35478461035209463,-0.5773502691896258,-0.5773502691896258,0.7061243289210976,0.0,-0.20148578187619134,0.0,0.0,0.0,0.0,0.0,0.0,0.0,1.1438799445265493,1.8434240488409395,1.642421812697878,1.7320508075688774,1.1428640803430241,0.9988999931096316,-0.7223117410140506,-0.7754705635181239,-1.0,-0.15156787660079443,0.0,-0.15471488726123667,-0.5388159060803247,-0.5883484054145521,-0.4361291133355992,0.20523489206380358,-0.5298513559449969,-0.3715770017015212,-0.3693624946103944,-0.5773502691896258,2.6429309701806223,2.0,1.0091855655658302,-0.5444683472253856,0.1550459534970412,0.5048906989992652,-0.5532489470067409,0.0468292905790847,-0.29166659959585167,-0.8346223261119858,0.7335860719259217
-0.6444958524935254,1.5584768721827031,-1.4821410403807231,1.0882505411926418,-2.124922510103033,1.3430265207579082,0.1582541796682695,-0.9416109970522635,0.3880457393866963,-0.35045523234006826,-0.39822004811790834,-0.5773502691896258,-0.5773502691896258,0.9118339223359512,0.0,-0.20148578187619134,0.0,0.0,0.0,0.0,0.0,0.0,0.0,-0.18682054558498024,-0.058869928823745934,-0.3875921681882898,-0.5773502691896258,-1.087114613009218,-1.3406399321994176,-0.8333578602662931,-0.8058909032891185,-1.0,-0.8160580043827169,0.0,0.07032494875510757,-0.5388159060803247,-0.5883484054145521,-0.43612911333431875,1.4880329291088328,-0.5298513559449969,-0.4098745776294598,-0.4013133939162565,-0.5773502691896258,-0.4053714907311,-1.0,1.035222593954086,0.17637437744884063,1.1701268854116453,-0.6491451844276267,-0.27511286435854326,-0.6087807775281011,-0.7237854933110306,-0.8346223261119858,0.8186395295405225
-1.1608837347312797,-0.836195685259299,-0.007576589312316943,-1.3722980643938398,0.696177971909115,-1.3526603138214655,0.2361869777111509,-1.0891701965089502,-0.42638448886887964,1.4946320252712504,-0.4030755081358004,1.7320508075688774,-0.5773502691896258,-1.3474850019492899,0.0,-0.6620247118789144,0.0,0.0,0.0,0.0,0.0,0.0,0.0,-0.5784588085079713,-0.1755381294374815,0.8430129658095302,-0.5773502691896258,1.5888598190134724,-0.25442496687735916,-0.26154245398688875,-0.048247862418644635,1.0,-0.25978672561393773,-0.22941573387056174,-0.15471488726123667,-0.5388159060803247,-0.19611613513818404,-0.372110160915536,-0.6613361223229985,-0.1445049152577264,2.6426333724311366,2.6443081365658383,1.7320508075688774,-0.4032076331545411,0.0,0.6440305417899109,2.110044930678271,0.4044046147591397,-2.2318229674130787,-0.6923169883308397,-0.6087807775281011,-0.36204147404400444,0.055641488407465724,0.7335860719259217
-1.7869308883633428,0.7716180814013337,-0.8917707980615389,-0.34237131015324984,-1.0479334983212636,1.6462392042720768,1.1230797804394796,1.0776572865679421,0.12722579733655126,-0.04864253793637507,-0.4538563258362449,1.7320508075688774,1.7320508075688774,-2.016912831367135,0.0,-0.8922941768802759,0.0,0.0,0.0,0.0,0.0,0.0,0.0,0.5332024247555744,0.5822871215236767,-0.1744164756847304,-0.5773502691896258,-1.087114613009218,1.7007619707023462,-0.8228589544460811,-0.797219772331605,-1.0,-0.8160580043827169,-0.6882472016116852,-0.7173144773020972,-0.5388159060803247,0.19611613513818404,-0.1800533036532126,1.155392480672954,0.240841525429544,-0.4068311895380014,-0.3962714405939511,-0.5773502691896258,-0.4053714907311,-1.0,0.01517899292775698,0.49905896053234805,0.8241340852962789,-0.2534757386812638,0.11790551329651855,-0.6087807775281011,-0.7237854933110305,-0.38949041885226005,-0.9674830803660693
0.9144881650689103,0.9825444223715601,0.8152557366403356,1.9106807962864725,1.1241561849409174,-0.7887640212878431,-0.7339538662031921,0.5912941859168481,0.7347041720446746,-0.39636222823239703,-0.3781222183395417,-0.5773502691896258,-0.5773502691896258,0.5492271814012895,0.0,-0.20148578187619134,0.0,0.0,0.0,0.0,0.0,0.0,0.0,-1.1820077988847189,-1.3255031703244524,-1.487384945422562,-0.5773502691896258,0.4738704723373514,-0.42821936132888844,0.44488392334451976,0.1956445334940127,1.0,-0.3841424207382426,-0.917662935482247,-0.7173144773020972,-0.5388159060803247,-0.5883484054145521,-0.43612911332919724,0.35449663174656926,-0.5298513559449969,-0.4077855367457536,-0.399455335419004,-0.5773502691896258,-0.3560702358052201,-1.0,-1.2622472153891298,0.5344467377928206,0.34924208045077165,0.6862391949663482,1.061149619668667,2.575610981849658,-0.4429101629192912,0.7233393492970543,-1.818017656512065
0.25233609241239774,-1.0971228934205772,1.0535662371862908,-0.3330404582601608,0.12245753144092529,-0.6050465517166063,0.5827933076801665,-0.6082217820224451,0.8689449948127145,-0.6483945355421407,-0.3831916424179896,-0.5773502691896258,-0.5773502691896258,0.4097630502725583,0.0,-0.20148578187619134,0.0,0.0,0.0,0.0,0.0,0.0,0.0,1.6435083335980805,0.928396108462906,0.9350661057542491,1.7320508075688774,-0.4181210050035454,0.48420120954164064,2.0433423344717987,2.1555806677665412,1.0,2.107830532063856,-0.22941573387056174,-0.2672348052694088,2.334868926348074,-0.19611613513818404,-0.34010068470310373,-1.551789015059043,-0.5298513559449969,-0.39177476404105055,-0.3897332471067366,-0.5773502691896258,-0.403667209635823,0.0,0.3574067289656919,-1.1961083125453509,-0.3115388775938099,0.04327634562850845,-0.873710085710099,-0.1404878717372541,2.207499673489751,-0.16692446522239718,0.7335860719259217
0.7810765726684126,-0.9091125887280823,0.13509047510469208,-0.6649820505491497,0.14597909955882044,-0.5279470897839222,0.8713569222425265,-0.5651976860589049,-0.2343983493506702,1.2834768078528889,-0.27140380015019094,-0.5773502691896258,1.7320508075688774,0.45160228961117144,0.0,-0.20148578187619134,0.0,0.0,0.0,0.0,0.0,0.0,0.0,0.01920725418751733,-0.8982067981971936,-0.24709000722003474,-0.5773502691896258,-1.087114613009218,-1.3406399321994176,-0.8333578602662931,-0.8058909032891185,-1.0,-0.8239764567495322,-0.4588314677411235,-0.6047945592939251,-0.5388159060803247,-0.5883484054145521,-0.43612911333239823,0.19329395288918205,-0.5298513559449969,-0.40073996895903313,-0.39345845912013033,-0.5773502691896258,-0.4053714907311,0.0,0.13889016653289724,-0.8513905865554025,-2.3414803042669217,0.9335325985578251,-0.8918493954480249,-0.4214636152117623,-0.7289348743682128,-0.8346223261119858,0.7335860719259217
-0.7731986052069958,0.5658707503845022,-1.3842005094890857,-0.42413407689782484,-0.8556205929619364,-0.7022073427614265,-0.6545307459639362,1.0033828391227173,0.4293016052475617,-0.4072527569909607,0.24003858014043183,-1.118033988749895,-0.35355339059327395,0.35618120093051675,-0.5345224838248487,0.19245008972987457,2.326747630218121,2.045420637189052,1.8841958460895063,-0.4979766549897893,0.09284766908852597,-0.5348134920535556,-0.3535533905932738,1.5189922447224544,1.587309484820732,1.7310639521045468,-0.3535533905932738,1.1732026655194843,-0.7594083409686369,0.22593426028392616,0.005544349684226186,-1.2060453783110543,-0.3243744810645601,0.6305206093963973,0.6297553408353215,-0.4023343257777003,0.6480875577554954,-0.4275719648435001,-0.5332875319439084,1.5863376266949805,1.2233543994886857,1.0663797066547078,-1.2398524277321035,-0.39740036376648163,1.3598638316018627,-1.0866520789545144,-1.0410068515129343,2.259311498212869,0.8795338278751487,-2.139581170455686,-1.05409618417872,-0.37874687145989605,1.2686563959933717,-2.688279211955021
0.01557612674767388,1.5576273804692435,-0.9667087344026405,1.6267664235749397,1.03379392037696,1.128170867976896,-2.0646566925968863,0.04564893770693198,0.1295320215132936,0.03250610940783573,0.504022010937181,-1.118033988749895,-0.35355339059327395,0.5966756598963056,-0.5345224838248487,0.7698003589195003,0.5333227832975622,-0.06910204855368418,-0.07785933248303742,-0.5470383943976503,-0.7427813527082074,-0.37525068997836175,-0.3535533905932738,-0.3870154413114447,-0.8713621696335614,-0.8966641068502175,-0.3535533905932738,-0.33520076157699535,-0.1698734011712476,0.12472817397530359,1.4029791910162024,0.15075567228888187,-0.9358031462283289,1.0035968177243695,0.9938326472557416,0.6675092223130027,-0.2926847035024817,-0.7107730404023571,-0.4675585123148733,-0.5029851011471891,0.7058537270212325,0.9636589887287177,-1.2398524277321035,-0.2705414860405639,0.1532240937016184,1.2953179699587856,-0.6909756492075481,-0.6272424703266424,-0.16310246028187325,0.5604772413911089,0.8133970555079887,0.6216266574451321,-0.5437098839971592,-0.030184918070543316
-1.033725849812873,-1.0500647953783915,-0.0031117722464919935,-1.1787255514656212,0.12389738497823395,1.4503237746648199,0.7843654029496756,0.44374316019253174,0.11030821818309694,-0.30011589207671474,0.4327254229015657,0.8944271909999157,1.2374368670764582,0.5533866572824635,-0.5345224838248487,0.19245008972987457,-0.40152680975372135,0.11747348254126318,1.1834618537421693,-0.5470383943976503,-0.7427813527082074,-0.07959020378020855,-0.3535533905932738,-0.7253665230436096,0.21141651019467356,0.4147034781763862,-0.3535533905932738,-1.240242817834883,1.716638406180397,-1.1578166614279517,-1.3088040042186584,-1.2060453783110543,-0.8906850004528856,0.33598676071641936,0.34439745201931643,1.4081701402219509,-0.2926847035024817,-0.649765858186713,-0.45523432113442913,-1.1994260104279122,0.7454336111576585,0.6157655342596693,1.3857174192299981,-0.2763207179269235,0.6703554099445802,-1.1343470299559384,-1.0863894136401526,-1.040174516385209,0.5914369587791294,0.9790909486541779,-1.05409618417872,1.3311070469852888,-0.9061831399952655,0.5178274737963885
-0.42915632657531316,-1.8226534173417734,1.0524666756168217,-1.4181778150247981,1.5515006831901526,-1.023759497954118,0.6405774814368385,0.5687972677324814,-0.3825816193566705,0.9982861656867621,-1.826413318725053,0.8944271909999157,-0.35355339059327395,-1.8635826553237125,-0.5345224838248487,-1.8282758524338154,-0.8435268265520269,-1.1263633914250526,-1.0588869217693093,-0.5470383943976503,-0.7427813527082074,1.8304703975316705,-0.3535533905932738,-1.3929519228992586,-1.217365849781204,-1.1392597675964604,-0.3535533905932738,-0.9385621324155872,-0.3467338831104642,-0.0517626179615591,0.7151829702026025,0.15075567228888187,-1.0338184284301546,-1.8828348993394146,-1.8794260953054125,-1.6367691889592808,-1.2334569647604587,1.8057732259842512,1.9069023217840242,0.19345580813353416,-1.2402440930354852,-1.1357843479920122,0.0729324957489473,-0.40236679485779253,-1.5705469604415878,1.0137603946221023,1.5447880980784052,0.3865614764866058,-1.6035868057619693,-0.8628093633033256,-1.05409618417872,-1.6627664916459564,-1.6311296519914777,0.1735632789056237
0.21367420661896122,-0.10150413268313484,0.738904524864372,0.09714340909630326,0.7087867431130097,-0.5938156989018272,-0.7317772843818399,0.8517450301418477,-2.524404723977025,1.7083503518233234,0.0913924821365755,-1.118033988749895,-1.944543648263006,0.6279399395618579,-0.5345224838248487,0.7698003589195003,-0.37512415388302606,0.11747348254126318,-0.638446526360907,0.7408322650587014,1.7641057126819928,-0.8961763085179651,2.8284271247461903,0.7963739818902782,0.400573743391862,-0.07048784331609963,-0.3535533905932738,0.5698412946808924,0.8912894904640526,-0.7696721611530123,-0.6318086351567587,0.15075567228888187,0.38393797675180696,0.08072409186043847,0.059039563203311385,0.09143961949493185,1.7770142712650678,0.05605334715746813,-0.6442052525679055,0.5416762627738958,-0.6503208972366483,-0.6687275867753917,1.3857174192299981,-0.40157753984332417,0.1532240937016184,-0.9115657397916206,-0.2635137198734931,0.12611042964795177,0.7217664947987571,0.20465559021750027,0.8133970555079887,0.11873054908248985,1.4498930239924246,0.5951112726494174
1.2969928254646657,0.056713798834316424,0.788784453870043,0.46106719244007854,-1.0120645614375925,-0.9878572780272067,-0.040958756583234224,0.09844527307430515,0.34709443380688637,0.24507325635515667,0.7101988517111553,0.8944271909999157,-0.35355339059327395,0.558196546461779,1.8708286933869707,0.4811252243246874,-0.5961241622821789,-0.5666367981402105,-0.49829972789143967,-0.09567039184532898,0.09284766908852597,-0.7976228131185807,-0.3535533905932738,1.0256888462410745,1.254008716267498,1.3865546178971098,-0.3535533905932738,-0.6368814469962912,0.8912894904640526,-0.5156426304852673,-0.4303209250915991,0.15075567228888187,1.375179396352491,0.7483341488683884,0.7576743944424961,0.9143961949493188,1.2125509145102817,-0.3503302157943075,-0.5702601054852408,-1.1994260104279122,0.5284932860696708,0.6410574775197883,-1.2398524277321035,2.824823331742991,0.1532240937016184,1.1906771669284315,1.2368646737457194,0.7707887493593054,-0.5746694161333292,-0.02558194877718768,1.4109948922077353,0.9410248526063966,0.9061831399952655,0.7145498708768256
-1.621014275093246,0.3365422255026306,-1.6323783438983548,-0.17143226395047684,-0.42576001791148227,0.45640009404538107,1.6110144458279243,0.4213104930536774,0.3498311781139546,-0.5634947925165406,0.4137154980142206,-1.118033988749895,1.2374368670764582,0.6279399395618579,-0.5345224838248487,0.7698003589195003,-0.7256927512772574,-0.6288286418385263,-0.7785933248303745,-0.5470383943976503,-0.7427813527082074,-0.098362298141996,-0.3535533905932738,-0.4672318487162358,-0.7387639983269071,-0.6167686290158718,-0.3535533905932738,1.776564036358076,-1.584757256684981,0.25906854689276243,-0.5190784864735836,1.507556722888818,1.1170724865543504,-0.07636062743554978,-0.059039563203311385,0.17373527704037053,-1.4216114170120542,-0.9557833204581598,-0.4470181936807997,-0.5029851011471891,-1.0110924392781342,-1.1110487240186853,0.0729324957489473,-0.3534248172414795,-0.536284327955664,0.03816070585181102,-0.17369327865364168,-0.3139693038223559,0.7011881470061844,0.7069920389331831,1.112195973857862,0.22385360351060915,-0.18123662799905307,-0.06531391754919305
1.361878736083055,-0.6649847916882674,1.0349251356015283,-0.4997947581610949,0.541469108008553,-0.9835912330334733,0.3808194679511283,-2.293182845225314,1.417643293361338,-2.0778656463691125,-1.752774152967,0.8944271909999157,-0.35355339059327395,-1.8634223256844018,-0.5345224838248487,-1.8282758524338154,-0.796588771670791,-1.1263633914250526,-0.9187401232998419,-0.5470383943976503,-0.7427813527082074,1.7630472919489175,-0.3535533905932738,-1.2099061700858547,-1.2402451258986906,-1.1442526564980173,2.8284271247461903,-0.9385621324155872,0.396080141034246,-0.6207256537304338,-0.9695761813863576,-1.2060453783110543,-1.0338184284301546,-1.6472078203954321,-1.6531077696927188,-1.6367691889592808,-0.48083915575407715,1.8057732259659016,1.8261104018233352,1.5863376266949805,-1.4039991724508538,-1.4313450333170905,0.0729324957489473,-0.40236679485779253,-1.5705469604415878,-1.0671437291665211,1.2690723454897566,-1.1948950987799305,-1.651602950611306,1.2093284876488657,0.06639975963330523,-1.6627664916459564,-0.7249465119962123,0.7777820699383948
0.9689731617739541,1.1224529819008755,0.37131857008380525,1.507287440388483,-1.6660026673558983,1.2563363139909574,0.07514668136032901,-1.1398901557991739,0.1232755931075626,0.3645132046802493,1.1870946258509205,0.8944271909999157,1.2374368670764582,0.40668503731333205,1.8708286933869707,0.4811252243246874,0.8785130619033187,1.2369266691109473,0.9031682568032344,2.588006753764669,1.7641057126819928,-0.8117018838899214,-0.3535533905932738,0.8414168332025994,0.6144286889655978,0.33511095509862365,-0.3535533905932738,0.5698412946808924,-1.034524646207418,2.5058887436062327,1.7358817214239275,1.507556722888818,1.3423096249474344,0.8072409186043841,0.8068740304452556,0.4206222496766866,0.08362420100070911,-0.5733753994225833,-0.6154488064802025,-0.5029851011471891,1.1025215782638744,1.060043984940297,0.7293249574894728,-0.32082481720863276,1.1874867261875421,0.6617923405074769,-0.7951462044261106,-0.36649076439260814,1.0990362043292585,-0.6325718243086377,-1.05409618417872,0.4679371451218937,0.36247325599810615,0.004944081408106039
